"pt_no";"sex_tp_cd";"pt_brdy_dt";"hsp_tp_cd";"gid";"fsr_med_dt";"idx_dt";"crtn_dt";"pt_nm"
"7733471";"남";"1936-08-02";"";"705664";"2018-03-20 00:00:00.000000";"2018-05-15 00:00:00.000000";"2022-12-01 18:16:37.580196";"김*배"
"7795741";"여";"1940-09-26";"";"710172";"2020-04-22 00:00:00.000000";"2020-05-21 00:00:00.000000";"2022-12-01 18:16:37.580196";"소*자"
"7865068";"남";"1968-04-01";"";"711621";"2012-06-01 00:00:00.000000";"2012-07-13 00:00:00.000000";"2022-12-01 18:16:37.580196";"백*순"
"7895829";"남";"1937-05-27";"";"712109";"2011-10-13 00:00:00.000000";"2011-12-09 00:00:00.000000";"2022-12-01 18:16:37.580196";"박*수"
"8228446";"여";"1936-12-17";"";"721993";"2019-05-13 00:00:00.000000";"2019-05-17 00:00:00.000000";"2022-12-01 18:16:37.580196";"김*순"
"8242651";"여";"1930-02-26";"";"722149";"2012-04-23 00:00:00.000000";"2013-02-01 00:00:00.000000";"2022-12-01 18:16:37.580196";"김*지"
"8276692";"여";"1966-10-05";"";"724177";"2018-11-12 00:00:00.000000";"2019-01-11 00:00:00.000000";"2022-12-01 18:16:37.580196";"이*미"
"8344317";"여";"1938-01-05";"";"726715";"2010-03-23 00:00:00.000000";"2010-06-04 00:00:00.000000";"2022-12-01 18:16:37.580196";"장*자"
"8400495";"여";"1942-07-09";"";"728567";"2008-11-01 00:00:00.000000";"2011-02-15 00:00:00.000000";"2022-12-01 18:16:37.580196";"한*자"
"8688651";"여";"1955-01-01";"";"738087";"2021-07-20 00:00:00.000000";"2021-08-18 00:00:00.000000";"2022-12-01 18:16:37.580196";"권*자"
"8826578";"남";"1939-09-08";"";"742818";"2011-02-14 00:00:00.000000";"2012-02-23 00:00:00.000000";"2022-12-01 18:16:37.580196";"이*홍"
"9317293";"남";"1942-01-10";"";"762355";"2020-06-17 00:00:00.000000";"2020-08-26 00:00:00.000000";"2022-12-01 18:16:37.580196";"김*선"
"9549292";"남";"1945-10-09";"";"772391";"2011-06-08 00:00:00.000000";"2011-07-14 00:00:00.000000";"2022-12-01 18:16:37.580196";"차*원"
"9642759";"여";"1935-02-20";"";"776019";"2014-02-25 00:00:00.000000";"2014-04-18 00:00:00.000000";"2022-12-01 18:16:37.580196";"김*임"
"9714197";"남";"1936-10-14";"";"779325";"2016-04-21 00:00:00.000000";"2016-06-13 00:00:00.000000";"2022-12-01 18:16:37.580196";"홍*표"
"9731077";"여";"1932-12-04";"";"780057";"2020-08-24 00:00:00.000000";"2021-02-08 00:00:00.000000";"2022-12-01 18:16:37.580196";"이*길"
"9890255";"여";"1949-10-30";"";"787671";"2014-01-10 00:00:00.000000";"2014-05-02 00:00:00.000000";"2022-12-01 18:16:37.580196";"신*숙"
"9898095";"남";"1938-04-15";"";"788162";"2016-12-14 00:00:00.000000";"2017-01-16 00:00:00.000000";"2022-12-01 18:16:37.580196";"성*수"
"9993217";"남";"1933-10-09";"";"793902";"2011-09-01 00:00:00.000000";"2011-11-11 00:00:00.000000";"2022-12-01 18:16:37.580196";"김*원"
"10220205";"여";"1944-03-09";"";"806295";"2020-06-21 00:00:00.000000";"2020-07-02 00:00:00.000000";"2022-12-01 18:16:37.580196";"최*자"
"10335354";"남";"1953-03-10";"";"812341";"2021-11-02 00:00:00.000000";"2021-12-01 00:00:00.000000";"2022-12-01 18:16:37.580196";"윤*진"
"10455847";"여";"1949-04-02";"";"818877";"2014-04-29 00:00:00.000000";"2014-06-03 00:00:00.000000";"2022-12-01 18:16:37.580196";"이*영"
"10500134";"남";"1964-03-29";"";"821508";"2020-09-25 00:00:00.000000";"2020-11-05 00:00:00.000000";"2022-12-01 18:16:37.580196";"윤*춘"
"10539512";"남";"1949-03-27";"";"823777";"2020-08-12 00:00:00.000000";"2020-09-15 00:00:00.000000";"2022-12-01 18:16:37.580196";"조*선"
"10682005";"남";"1948-06-30";"";"832281";"2014-04-25 00:00:00.000000";"2014-05-09 00:00:00.000000";"2022-12-01 18:16:37.580196";"김*식"
"10694604";"여";"1935-01-18";"";"832964";"2013-10-17 00:00:00.000000";"2014-03-04 00:00:00.000000";"2022-12-01 18:16:37.580196";"이*진"
"10745230";"여";"1948-02-13";"";"835904";"2015-10-01 00:00:00.000000";"2015-12-15 00:00:00.000000";"2022-12-01 18:16:37.580196";"조*희"
"10858129";"여";"1932-10-15";"";"842908";"2015-03-06 00:00:00.000000";"2016-03-04 00:00:00.000000";"2022-12-01 18:16:37.580196";"최*천"
"10954623";"남";"1939-12-11";"";"849320";"2013-05-23 00:00:00.000000";"2013-06-27 00:00:00.000000";"2022-12-01 18:16:37.580196";"한*상"
"11229267";"남";"1963-07-27";"";"867213";"2012-11-02 00:00:00.000000";"2014-03-14 00:00:00.000000";"2022-12-01 18:16:37.580196";"김*호"
"11269025";"여";"1933-03-07";"";"869643";"2013-09-05 00:00:00.000000";"2013-10-04 00:00:00.000000";"2022-12-01 18:16:37.580196";"염*섭"
"11343156";"남";"1951-05-05";"";"874816";"2013-01-15 00:00:00.000000";"2013-09-26 00:00:00.000000";"2022-12-01 18:16:37.580196";"박*윤"
"11362676";"여";"1948-11-11";"";"876123";"2010-07-09 00:00:00.000000";"2010-09-09 00:00:00.000000";"2022-12-01 18:16:37.580196";"윤*희"
"11432753";"남";"1952-08-03";"";"881432";"2016-03-03 00:00:00.000000";"2016-04-14 00:00:00.000000";"2022-12-01 18:16:37.580196";"장*길"
"11436887";"여";"1933-01-05";"";"881837";"2009-12-14 00:00:00.000000";"2010-02-18 00:00:00.000000";"2022-12-01 18:16:37.580196";"김*경"
"11450403";"남";"1946-08-09";"";"882768";"2016-08-12 00:00:00.000000";"2016-09-27 00:00:00.000000";"2022-12-01 18:16:37.580196";"정*탁"
"11507051";"남";"1942-12-15";"";"886925";"2017-03-14 00:00:00.000000";"2017-05-14 00:00:00.000000";"2022-12-01 18:16:37.580196";"이*우"
"11592578";"남";"1948-04-10";"";"894051";"2013-08-26 00:00:00.000000";"2014-03-10 00:00:00.000000";"2022-12-01 18:16:37.580196";"유*하"
"11724577";"여";"1956-07-06";"";"1905248";"2014-11-11 00:00:00.000000";"2015-01-29 00:00:00.000000";"2022-12-01 18:16:37.580196";"강*희"
"11757166";"여";"1942-03-05";"";"1907747";"2015-07-18 00:00:00.000000";"2015-08-26 00:00:00.000000";"2022-12-01 18:16:37.580196";"한*석"
"11866604";"여";"1947-11-24";"";"1916561";"2013-04-04 00:00:00.000000";"2013-06-11 00:00:00.000000";"2022-12-01 18:16:37.580196";"오*숙"
"11936572";"남";"1942-07-10";"";"1922042";"2014-02-20 00:00:00.000000";"2014-04-18 00:00:00.000000";"2022-12-01 18:16:37.580196";"김*환"
"11961439";"여";"1945-12-18";"";"1924212";"2015-11-26 00:00:00.000000";"2016-02-29 00:00:00.000000";"2022-12-01 18:16:37.580196";"서*자"
"11968517";"여";"1950-11-15";"";"1924827";"2010-12-21 00:00:00.000000";"2011-03-11 00:00:00.000000";"2022-12-01 18:16:37.580196";"최*남"
"12043668";"남";"1960-08-21";"";"1931267";"2015-03-09 00:00:00.000000";"2015-07-20 00:00:00.000000";"2022-12-01 18:16:37.580196";"한*연"
"12059454";"여";"1932-08-22";"";"1932688";"2014-12-01 00:00:00.000000";"2015-02-17 00:00:00.000000";"2022-12-01 18:16:37.580196";"정*희"
"12237285";"여";"1929-05-12";"";"1949802";"2019-09-04 00:00:00.000000";"2020-01-07 00:00:00.000000";"2022-12-01 18:16:37.580196";"박*숙"
"12375118";"남";"1944-06-24";"";"1963944";"2018-12-06 00:00:00.000000";"2019-04-10 00:00:00.000000";"2022-12-01 18:16:37.580196";"임*"
"12439562";"남";"1957-04-25";"";"1971278";"2019-09-05 00:00:00.000000";"2019-10-10 00:00:00.000000";"2022-12-01 18:16:37.580196";"조*연"
"12475809";"남";"1966-11-25";"";"1975749";"2013-11-26 00:00:00.000000";"2014-01-21 00:00:00.000000";"2022-12-01 18:16:37.580196";"이*구"
"12560435";"남";"1939-11-21";"";"1986095";"2017-06-21 00:00:00.000000";"2017-08-25 00:00:00.000000";"2022-12-01 18:16:37.580196";"송*훈"
"12565500";"여";"1941-10-21";"";"1987007";"2017-08-29 00:00:00.000000";"2017-09-29 00:00:00.000000";"2022-12-01 18:16:37.580196";"염*남"
"12592418";"남";"1966-11-03";"";"1990690";"2017-04-25 00:00:00.000000";"2017-06-09 00:00:00.000000";"2022-12-01 18:16:37.580196";"나*권"
"12608609";"여";"1956-04-15";"";"1993089";"2016-01-13 00:00:00.000000";"2017-02-04 00:00:00.000000";"2022-12-01 18:16:37.580196";"박*란"
"12660443";"남";"1934-04-20";"";"2800114";"2019-10-15 00:00:00.000000";"2019-12-05 00:00:00.000000";"2022-12-01 18:16:37.580196";"문*지"
"12670419";"여";"1935-04-15";"";"2801605";"2013-12-05 00:00:00.000000";"2014-02-26 00:00:00.000000";"2022-12-01 18:16:37.580196";"이*희"
"12717642";"남";"1967-12-05";"";"2807984";"2017-09-14 00:00:00.000000";"2017-10-10 00:00:00.000000";"2022-12-01 18:16:37.580196";"이*호"
"12743317";"여";"1946-03-29";"";"2811406";"2012-04-02 00:00:00.000000";"2012-05-31 00:00:00.000000";"2022-12-01 18:16:37.580196";"정*희"
"12816828";"여";"1931-06-13";"";"2820994";"2015-01-25 00:00:00.000000";"2015-03-05 00:00:00.000000";"2022-12-01 18:16:37.580196";"김*애"
"12923625";"남";"1939-12-15";"";"2835590";"2018-12-13 00:00:00.000000";"2019-04-17 00:00:00.000000";"2022-12-01 18:16:37.580196";"조*호"
"12924332";"남";"1961-09-10";"";"2835635";"2014-09-18 00:00:00.000000";"2014-11-05 00:00:00.000000";"2022-12-01 18:16:37.580196";"박*신"
"12926206";"남";"1942-04-21";"";"2835918";"2014-02-13 00:00:00.000000";"2014-04-18 00:00:00.000000";"2022-12-01 18:16:37.580196";"김*인"
"12933730";"남";"1969-09-25";"";"2837203";"2011-03-14 00:00:00.000000";"2011-05-12 00:00:00.000000";"2022-12-01 18:16:37.580196";"장*익"
"12965148";"남";"1952-02-07";"";"2841999";"2011-08-24 00:00:00.000000";"2011-10-04 00:00:00.000000";"2022-12-01 18:16:37.580196";"유*래"
"12978036";"여";"1932-02-19";"";"2843856";"2011-05-16 00:00:00.000000";"2011-07-13 00:00:00.000000";"2022-12-01 18:16:37.580196";"이*숙"
"13008606";"여";"1940-02-25";"";"2848772";"2011-08-18 00:00:00.000000";"2012-02-22 00:00:00.000000";"2022-12-01 18:16:37.580196";"김*자"
"13013901";"여";"1940-01-02";"";"2849791";"2012-04-26 00:00:00.000000";"2012-07-02 00:00:00.000000";"2022-12-01 18:16:37.580196";"두*극"
"13046778";"남";"1927-08-05";"";"2856159";"2019-01-29 00:00:00.000000";"2021-08-12 00:00:00.000000";"2022-12-01 18:16:37.580196";"고*석"
"13086550";"남";"1945-08-26";"";"2863374";"2015-12-07 00:00:00.000000";"2016-01-30 00:00:00.000000";"2022-12-01 18:16:37.580196";"김*식"
"13086923";"여";"1951-12-25";"";"2863454";"2019-03-06 00:00:00.000000";"2019-04-29 00:00:00.000000";"2022-12-01 18:16:37.580196";"김*희"
"13105110";"남";"1945-03-29";"";"2867193";"2021-10-12 00:00:00.000000";"2022-01-10 00:00:00.000000";"2022-12-01 18:16:37.580196";"김*형"
"13127280";"여";"1946-03-18";"";"2871983";"2015-08-31 00:00:00.000000";"2016-01-15 00:00:00.000000";"2022-12-01 18:16:37.580196";"이*여"
"13145473";"여";"1936-05-11";"";"2875857";"2020-07-30 00:00:00.000000";"2021-02-08 00:00:00.000000";"2022-12-01 18:16:37.580196";"박*구"
"13179205";"여";"1940-11-30";"";"2883033";"2016-11-01 00:00:00.000000";"2016-12-27 00:00:00.000000";"2022-12-01 18:16:37.580196";"이*준"
"13217323";"남";"1949-08-12";"";"2891004";"2013-10-24 00:00:00.000000";"2014-03-10 00:00:00.000000";"2022-12-01 18:16:37.580196";"현*영"
"13244774";"남";"1933-11-04";"";"2897377";"2019-12-04 00:00:00.000000";"2020-11-09 00:00:00.000000";"2022-12-01 18:16:37.580196";"전*수"
"13265137";"여";"1940-05-20";"";"4901710";"2018-11-29 00:00:00.000000";"2019-04-10 00:00:00.000000";"2022-12-01 18:16:37.580196";"지*자"
"13290715";"남";"1939-09-23";"";"4907443";"2012-10-01 00:00:00.000000";"2012-11-27 00:00:00.000000";"2022-12-01 18:16:37.580196";"김*재"
"13323552";"여";"1955-07-12";"";"4914498";"2011-04-08 00:00:00.000000";"2012-02-17 00:00:00.000000";"2022-12-01 18:16:37.580196";"정*숙"
"13351393";"남";"1964-03-03";"";"4920787";"2013-01-01 00:00:00.000000";"2021-11-12 00:00:00.000000";"2022-12-01 18:16:37.580196";"권*한"
"13366410";"여";"1930-09-17";"";"4924398";"2013-10-28 00:00:00.000000";"2014-03-10 00:00:00.000000";"2022-12-01 18:16:37.580196";"박*분"
"13415660";"여";"1942-01-14";"";"4936532";"2014-07-10 00:00:00.000000";"2014-08-14 00:00:00.000000";"2022-12-01 18:16:37.580196";"안*자"
"13440851";"남";"1960-09-02";"";"4942659";"2012-11-08 00:00:00.000000";"2013-04-17 00:00:00.000000";"2022-12-01 18:16:37.580196";"김*원"
"13444651";"여";"1968-03-24";"";"4943663";"2016-02-11 00:00:00.000000";"2016-03-11 00:00:00.000000";"2022-12-01 18:16:37.580196";"홍*희"
"13481403";"남";"1933-05-18";"";"4952222";"2012-03-21 00:00:00.000000";"2012-07-20 00:00:00.000000";"2022-12-01 18:16:37.580196";"남*우"
"13492201";"남";"1942-09-27";"";"4954800";"2011-10-18 00:00:00.000000";"2012-01-16 00:00:00.000000";"2022-12-01 18:16:37.580196";"이*헌"
"13516671";"남";"1960-06-10";"";"4960454";"2020-08-10 00:00:00.000000";"2020-11-06 00:00:00.000000";"2022-12-01 18:16:37.580196";"이*욱"
"13536079";"여";"1948-09-20";"";"4964901";"2020-04-28 00:00:00.000000";"2020-05-13 00:00:00.000000";"2022-12-01 18:16:37.580196";"김*순"
"13538222";"남";"1952-10-18";"";"4965595";"2014-04-28 00:00:00.000000";"2015-02-03 00:00:00.000000";"2022-12-01 18:16:37.580196";"최*훈"
"13561316";"남";"1959-07-28";"";"4971024";"2013-05-15 00:00:00.000000";"2013-07-15 00:00:00.000000";"2022-12-01 18:16:37.580196";"김*호"
"13564151";"남";"1942-01-06";"";"4971631";"2015-10-12 00:00:00.000000";"2015-11-18 00:00:00.000000";"2022-12-01 18:16:37.580196";"이*상"
"13659802";"남";"1940-12-27";"";"4994137";"2009-12-10 00:00:00.000000";"2011-03-02 00:00:00.000000";"2022-12-01 18:16:37.580196";"조*흥"
"13665953";"남";"1944-06-30";"";"4995644";"2016-07-12 00:00:00.000000";"2016-08-26 00:00:00.000000";"2022-12-01 18:16:37.580196";"홍*안"
"13679332";"남";"1950-11-05";"";"4998862";"2012-06-20 00:00:00.000000";"2013-03-22 00:00:00.000000";"2022-12-01 18:16:37.580196";"박*식"
"13684473";"여";"1948-10-09";"";"5900127";"2019-01-10 00:00:00.000000";"2019-12-06 00:00:00.000000";"2022-12-01 18:16:37.580196";"이*정"
"13685849";"남";"1931-09-27";"";"5900316";"2015-08-03 00:00:00.000000";"2015-09-02 00:00:00.000000";"2022-12-01 18:16:37.580196";"김*기"
"13707770";"여";"1929-12-06";"";"5905689";"2010-09-09 00:00:00.000000";"2010-11-15 00:00:00.000000";"2022-12-01 18:16:37.580196";"이*순"
"13716248";"남";"1928-10-01";"";"5907710";"2012-08-02 00:00:00.000000";"2012-09-14 00:00:00.000000";"2022-12-01 18:16:37.580196";"양*영"
"13721752";"남";"1939-01-07";"";"5908928";"2015-08-27 00:00:00.000000";"2016-01-15 00:00:00.000000";"2022-12-01 18:16:37.580196";"김*혁"
"13722407";"남";"1937-05-03";"";"5909108";"2018-03-22 00:00:00.000000";"2018-04-05 00:00:00.000000";"2022-12-01 18:16:37.580196";"김*배"
"13740568";"여";"1955-05-05";"";"5913734";"2014-07-01 00:00:00.000000";"2015-01-21 00:00:00.000000";"2022-12-01 18:16:37.580196";"김*순"
"13752167";"남";"1919-04-04";"";"5916654";"2015-02-12 00:00:00.000000";"2015-02-24 00:00:00.000000";"2022-12-01 18:16:37.580196";"김*홍"
"13776101";"여";"1940-01-03";"";"5923464";"2013-01-03 00:00:00.000000";"2013-01-25 00:00:00.000000";"2022-12-01 18:16:37.580196";"박*순"
"13810304";"여";"1959-08-05";"";"5931884";"2015-04-20 00:00:00.000000";"2015-05-19 00:00:00.000000";"2022-12-01 18:16:37.580196";"박*숙"
"13810746";"남";"1945-09-10";"";"5932054";"2017-05-21 00:00:00.000000";"2017-07-20 00:00:00.000000";"2022-12-01 18:16:37.580196";"장*일"
"13814337";"남";"1929-01-09";"";"5932896";"2012-08-01 00:00:00.000000";"2013-01-04 00:00:00.000000";"2022-12-01 18:16:37.580196";"오*석"
"13817716";"여";"1932-05-07";"";"5933966";"2016-08-30 00:00:00.000000";"2017-01-16 00:00:00.000000";"2022-12-01 18:16:37.580196";"이*희"
"13874391";"남";"1939-10-04";"";"5948838";"2018-03-15 00:00:00.000000";"2018-04-24 00:00:00.000000";"2022-12-01 18:16:37.580196";"최*규"
"13918291";"남";"1934-03-26";"";"5960426";"2011-10-11 00:00:00.000000";"2012-02-16 00:00:00.000000";"2022-12-01 18:16:37.580196";"김*배"
"13956572";"여";"1938-11-29";"";"5970540";"2014-08-21 00:00:00.000000";"2014-11-04 00:00:00.000000";"2022-12-01 18:16:37.580196";"김*희"
"14010835";"남";"1951-01-04";"";"5986113";"2014-11-26 00:00:00.000000";"2015-01-14 00:00:00.000000";"2022-12-01 18:16:37.580196";"윤*금"
"14018288";"남";"1935-08-03";"";"5987757";"2013-05-04 00:00:00.000000";"2013-05-14 00:00:00.000000";"2022-12-01 18:16:37.580196";"백*기"
"14040425";"여";"1944-04-02";"";"5994835";"2014-11-01 00:00:00.000000";"2017-02-18 00:00:00.000000";"2022-12-01 18:16:37.580196";"송*희"
"14089475";"남";"1940-01-30";"";"7541755";"2015-01-14 00:00:00.000000";"2015-03-25 00:00:00.000000";"2022-12-01 18:16:37.580196";"단*배"
"14094028";"여";"1937-01-02";"";"7546429";"2013-04-26 00:00:00.000000";"2013-06-27 00:00:00.000000";"2022-12-01 18:16:37.580196";"김*순"
"14102880";"남";"1939-08-22";"";"7555067";"2013-03-26 00:00:00.000000";"2014-03-21 00:00:00.000000";"2022-12-01 18:16:37.580196";"김*수"
"14135323";"여";"1935-10-10";"";"7585541";"2010-04-26 00:00:00.000000";"2010-06-22 00:00:00.000000";"2022-12-01 18:16:37.580196";"유*재"
"14137204";"여";"1975-02-12";"";"7587352";"2011-12-15 00:00:00.000000";"2013-02-19 00:00:00.000000";"2022-12-01 18:16:37.580196";"명*수"
"14137374";"남";"1934-11-12";"";"7587544";"2012-05-31 00:00:00.000000";"2013-03-21 00:00:00.000000";"2022-12-01 18:16:37.580196";"박*국"
"14151774";"남";"1942-07-22";"";"7901708";"2011-06-13 00:00:00.000000";"2011-07-15 00:00:00.000000";"2022-12-01 18:16:37.580196";"이*술"
"14161005";"여";"1943-05-28";"";"7910667";"2021-06-15 00:00:00.000000";"2022-01-14 00:00:00.000000";"2022-12-01 18:16:37.580196";"김*연"
"14168734";"여";"1940-04-11";"";"7918076";"2010-11-04 00:00:00.000000";"2011-02-17 00:00:00.000000";"2022-12-01 18:16:37.580196";"김*숙"
"14178490";"남";"1934-12-03";"";"7927080";"2014-12-04 00:00:00.000000";"2015-01-13 00:00:00.000000";"2022-12-01 18:16:37.580196";"이*근"
"14178647";"남";"1931-08-29";"";"7927202";"2014-01-01 00:00:00.000000";"2014-02-13 00:00:00.000000";"2022-12-01 18:16:37.580196";"김*인"
"14185513";"남";"1961-08-16";"";"7933727";"2013-11-20 00:00:00.000000";"2014-01-15 00:00:00.000000";"2022-12-01 18:16:37.580196";"최*서"
"14199341";"여";"1949-04-08";"";"7947143";"2011-02-21 00:00:00.000000";"2012-02-14 00:00:00.000000";"2022-12-01 18:16:37.580196";"이*복"
"14208795";"여";"1958-08-01";"";"7955890";"2020-12-17 00:00:00.000000";"2021-01-28 00:00:00.000000";"2022-12-01 18:16:37.580196";"김*현"
"14278554";"남";"1947-10-18";"";"9022224";"2015-06-12 00:00:00.000000";"2015-07-15 00:00:00.000000";"2022-12-01 18:16:37.580196";"조*훈"
"14297980";"남";"1947-09-04";"";"9040413";"2014-05-12 00:00:00.000000";"2015-03-01 00:00:00.000000";"2022-12-01 18:16:37.580196";"문*극"
"14319811";"여";"1934-02-12";"";"9060797";"2014-02-27 00:00:00.000000";"2014-04-15 00:00:00.000000";"2022-12-01 18:16:37.580196";"박*매"
"14321908";"남";"1948-11-11";"";"9062678";"2016-10-25 00:00:00.000000";"2016-12-15 00:00:00.000000";"2022-12-01 18:16:37.580196";"오*칠"
"14324604";"남";"1940-11-12";"";"9065179";"2016-08-30 00:00:00.000000";"2016-11-07 00:00:00.000000";"2022-12-01 18:16:37.580196";"안*성"
"14331626";"여";"1954-09-06";"";"9071741";"2015-06-02 00:00:00.000000";"2015-08-03 00:00:00.000000";"2022-12-01 18:16:37.580196";"이*숙"
"14362891";"남";"1947-02-20";"";"9500391";"2011-06-30 00:00:00.000000";"2011-07-27 00:00:00.000000";"2022-12-01 18:16:37.580196";"이*구"
"14368387";"남";"1958-03-08";"";"9505416";"2014-04-22 00:00:00.000000";"2015-02-05 00:00:00.000000";"2022-12-01 18:16:37.580196";"황*근"
"14370861";"남";"1925-02-10";"";"9507504";"2011-02-09 00:00:00.000000";"2012-01-27 00:00:00.000000";"2022-12-01 18:16:37.580196";"조*상"
"14378911";"남";"1945-10-05";"";"9515619";"2013-04-04 00:00:00.000000";"2013-05-09 00:00:00.000000";"2022-12-01 18:16:37.580196";"정*택"
"14382561";"여";"1944-01-25";"";"9518965";"2017-09-14 00:00:00.000000";"2017-12-07 00:00:00.000000";"2022-12-01 18:16:37.580196";"이*자"
"14388893";"여";"1950-12-20";"";"9525274";"2018-08-16 00:00:00.000000";"2019-04-25 00:00:00.000000";"2022-12-01 18:16:37.580196";"김*옥"
"14391426";"여";"1969-01-03";"";"9527706";"2013-07-26 00:00:00.000000";"2013-08-23 00:00:00.000000";"2022-12-01 18:16:37.580196";"김*란"
"14399716";"여";"1975-04-10";"";"9535442";"2016-07-18 00:00:00.000000";"2016-09-09 00:00:00.000000";"2022-12-01 18:16:37.580196";"정*문"
"14404120";"남";"1944-10-25";"";"9539619";"2012-09-26 00:00:00.000000";"2012-12-11 00:00:00.000000";"2022-12-01 18:16:37.580196";"이*규"
"14422616";"남";"1954-05-19";"";"9556570";"2020-10-26 00:00:00.000000";"2020-12-22 00:00:00.000000";"2022-12-01 18:16:37.580196";"조*호"
"14425800";"남";"1954-10-05";"";"9559661";"2015-11-05 00:00:00.000000";"2016-01-13 00:00:00.000000";"2022-12-01 18:16:37.580196";"김*구"
"14442470";"남";"1961-03-17";"";"9574598";"2019-12-09 00:00:00.000000";"2020-09-10 00:00:00.000000";"2022-12-01 18:16:37.580196";"김*배"
"14449356";"남";"1935-10-31";"";"9581052";"1981-02-25 00:00:00.000000";"2014-03-17 00:00:00.000000";"2022-12-01 18:16:37.580196";"윤*중"
"14451234";"여";"1933-07-21";"";"9582816";"2013-08-01 00:00:00.000000";"2013-09-17 00:00:00.000000";"2022-12-01 18:16:37.580196";"임*순"
"14451544";"남";"1944-07-15";"";"9583025";"2016-03-02 00:00:00.000000";"2016-04-12 00:00:00.000000";"2022-12-01 18:16:37.580196";"신*철"
"14480597";"여";"1934-09-03";"";"12009788";"2013-06-26 00:00:00.000000";"2013-08-23 00:00:00.000000";"2022-12-01 18:16:37.580196";"정*남"
"14490037";"남";"1924-03-13";"";"12018881";"2017-10-19 00:00:00.000000";"2018-02-01 00:00:00.000000";"2022-12-01 18:16:37.580196";"김*후"
"14502954";"남";"1948-05-24";"";"12030425";"2010-07-01 00:00:00.000000";"2010-11-04 00:00:00.000000";"2022-12-01 18:16:37.580196";"김*주"
"14528235";"여";"1954-03-15";"";"12053201";"2011-08-04 00:00:00.000000";"2011-09-14 00:00:00.000000";"2022-12-01 18:16:37.580196";"황*선"
"14558856";"남";"1932-01-04";"";"12082392";"2012-04-23 00:00:00.000000";"2012-06-12 00:00:00.000000";"2022-12-01 18:16:37.580196";"강*현"
"14577282";"남";"1932-03-02";"";"14000123";"2018-02-20 00:00:00.000000";"2018-03-21 00:00:00.000000";"2022-12-01 18:16:37.580196";"조*환"
"14591613";"여";"1942-12-20";"";"14013334";"2018-11-01 00:00:00.000000";"2018-12-18 00:00:00.000000";"2022-12-01 18:16:37.580196";"신*순"
"14606166";"여";"1948-04-29";"";"14027659";"2011-02-07 00:00:00.000000";"2011-04-07 00:00:00.000000";"2022-12-01 18:16:37.580196";"이*규"
"14606407";"남";"1943-07-05";"";"14027794";"2010-03-06 00:00:00.000000";"2010-05-17 00:00:00.000000";"2022-12-01 18:16:37.580196";"이*"
"14607215";"여";"1974-06-23";"";"14028637";"2021-02-23 00:00:00.000000";"2021-03-25 00:00:00.000000";"2022-12-01 18:16:37.580196";"김*아"
"14609204";"남";"1959-12-27";"";"14030550";"2019-03-20 00:00:00.000000";"2019-06-18 00:00:00.000000";"2022-12-01 18:16:37.580196";"이*택"
"14654040";"남";"1953-08-27";"";"14072673";"2021-05-27 00:00:00.000000";"2021-08-11 00:00:00.000000";"2022-12-01 18:16:37.580196";"황*용"
"14655740";"남";"1943-11-23";"";"14074396";"2017-08-17 00:00:00.000000";"2017-11-14 00:00:00.000000";"2022-12-01 18:16:37.580196";"최*렬"
"14656318";"남";"1932-06-24";"";"14074938";"2016-11-10 00:00:00.000000";"2016-12-19 00:00:00.000000";"2022-12-01 18:16:37.580196";"최*기"
"14659773";"남";"1928-11-10";"";"14078253";"2016-02-24 00:00:00.000000";"2017-02-16 00:00:00.000000";"2022-12-01 18:16:37.580196";"김*락"
"14665824";"남";"1956-07-14";"";"14083659";"2020-01-10 00:00:00.000000";"2020-05-15 00:00:00.000000";"2022-12-01 18:16:37.580196";"김*래"
"14684243";"여";"1939-10-26";"";"15300356";"2016-08-09 00:00:00.000000";"2016-09-29 00:00:00.000000";"2022-12-01 18:16:37.580196";"최*돌"
"14701636";"남";"1949-06-28";"";"15316902";"2015-03-03 00:00:00.000000";"2015-04-01 00:00:00.000000";"2022-12-01 18:16:37.580196";"김*원"
"14707379";"여";"1938-03-30";"";"15322016";"2014-12-17 00:00:00.000000";"2015-03-11 00:00:00.000000";"2022-12-01 18:16:37.580196";"전*지"
"14716638";"여";"1948-03-15";"";"15330578";"2018-07-31 00:00:00.000000";"2022-04-29 00:00:00.000000";"2022-12-01 18:16:37.580196";"이*자"
"14717958";"여";"1973-11-25";"";"15331677";"2018-11-28 00:00:00.000000";"2019-02-14 00:00:00.000000";"2022-12-01 18:16:37.580196";"손*희"
"14719031";"여";"1930-11-27";"";"15332851";"2017-06-13 00:00:00.000000";"2017-07-25 00:00:00.000000";"2022-12-01 18:16:37.580196";"전*화"
"14725029";"남";"1952-01-15";"";"15338328";"2013-06-18 00:00:00.000000";"2013-08-19 00:00:00.000000";"2022-12-01 18:16:37.580196";"권*출"
"14729432";"남";"1956-07-04";"";"15342691";"2012-12-22 00:00:00.000000";"2014-03-07 00:00:00.000000";"2022-12-01 18:16:37.580196";"김*진"
"14739460";"여";"1945-12-09";"";"15351578";"2014-03-07 00:00:00.000000";"2015-03-04 00:00:00.000000";"2022-12-01 18:16:37.580196";"정*숙"
"14741502";"남";"1936-10-31";"";"15353405";"2020-06-13 00:00:00.000000";"2020-07-15 00:00:00.000000";"2022-12-01 18:16:37.580196";"정*문"
"14752160";"여";"1940-01-10";"";"15363708";"2011-12-13 00:00:00.000000";"2012-01-03 00:00:00.000000";"2022-12-01 18:16:37.580196";"이*자"
"14757350";"여";"1948-05-18";"";"15368987";"2020-02-05 00:00:00.000000";"2020-03-02 00:00:00.000000";"2022-12-01 18:16:37.580196";"이*교"
"14762390";"남";"1954-12-23";"";"15373861";"2012-05-16 00:00:00.000000";"2012-06-05 00:00:00.000000";"2022-12-01 18:16:37.580196";"한*성"
"14772405";"남";"1934-01-27";"";"15383165";"2014-08-28 00:00:00.000000";"2014-10-10 00:00:00.000000";"2022-12-01 18:16:37.580196";"박*인"
"14774355";"여";"1959-09-10";"";"15385117";"2019-12-09 00:00:00.000000";"2020-03-23 00:00:00.000000";"2022-12-01 18:16:37.580196";"최*선"
"14777633";"남";"1930-01-24";"";"15388276";"2011-11-09 00:00:00.000000";"2011-12-02 00:00:00.000000";"2022-12-01 18:16:37.580196";"신*주"
"14790124";"남";"1957-08-10";"";"15399802";"2017-08-08 00:00:00.000000";"2017-09-25 00:00:00.000000";"2022-12-01 18:16:37.580196";"이*만"
"14793325";"여";"1939-07-02";"";"15902827";"2016-03-21 00:00:00.000000";"2016-06-17 00:00:00.000000";"2022-12-01 18:16:37.580196";"김*진"
"14793370";"남";"1937-07-04";"";"15902867";"2019-12-29 00:00:00.000000";"2020-01-29 00:00:00.000000";"2022-12-01 18:16:37.580196";"최*구"
"14805747";"남";"1957-07-16";"";"15914595";"2021-02-23 00:00:00.000000";"2021-09-16 00:00:00.000000";"2022-12-01 18:16:37.580196";"송*훈"
"14805785";"여";"1945-01-12";"";"15914633";"2021-01-28 00:00:00.000000";"2021-04-07 00:00:00.000000";"2022-12-01 18:16:37.580196";"김*자"
"14810237";"남";"1939-05-20";"";"15918936";"2012-02-23 00:00:00.000000";"2012-06-12 00:00:00.000000";"2022-12-01 18:16:37.580196";"박*민"
"14823404";"여";"1936-09-11";"";"15931440";"2020-07-16 00:00:00.000000";"2020-09-24 00:00:00.000000";"2022-12-01 18:16:37.580196";"고*순"
"14826410";"남";"1944-02-10";"";"15934289";"2019-06-21 00:00:00.000000";"2019-08-20 00:00:00.000000";"2022-12-01 18:16:37.580196";"진*훈"
"14845776";"남";"1932-01-08";"";"15952888";"2011-10-14 00:00:00.000000";"2012-02-16 00:00:00.000000";"2022-12-01 18:16:37.580196";"한*수"
"14848674";"남";"1959-11-16";"";"15955625";"2019-10-10 00:00:00.000000";"2019-11-20 00:00:00.000000";"2022-12-01 18:16:37.580196";"장*진"
"14856644";"남";"1953-05-20";"";"15963607";"2011-08-12 00:00:00.000000";"2011-09-26 00:00:00.000000";"2022-12-01 18:16:37.580196";"한*수"
"14857933";"여";"1943-04-09";"";"15964834";"2015-11-12 00:00:00.000000";"2016-01-13 00:00:00.000000";"2022-12-01 18:16:37.580196";"황*원"
"14861280";"남";"1933-03-01";"";"15967777";"2010-10-19 00:00:00.000000";"2011-01-07 00:00:00.000000";"2022-12-01 18:16:37.580196";"방*홍"
"14862050";"남";"1954-03-10";"";"15968540";"2018-05-28 00:00:00.000000";"2018-08-09 00:00:00.000000";"2022-12-01 18:16:37.580196";"김*빈"
"14863697";"남";"1928-03-25";"";"15970267";"2010-08-27 00:00:00.000000";"2010-09-27 00:00:00.000000";"2022-12-01 18:16:37.580196";"민*홍"
"14865028";"여";"1962-11-22";"";"15971583";"2016-04-12 00:00:00.000000";"2016-06-03 00:00:00.000000";"2022-12-01 18:16:37.580196";"박*희"
"14873942";"여";"1950-11-04";"";"15979842";"2017-07-11 00:00:00.000000";"2018-02-07 00:00:00.000000";"2022-12-01 18:16:37.580196";"이*분"
"14878372";"여";"1922-08-22";"";"15983980";"2011-06-01 00:00:00.000000";"2012-02-20 00:00:00.000000";"2022-12-01 18:16:37.580196";"김*남"
"14885596";"여";"1955-03-26";"";"15991179";"2014-05-19 00:00:00.000000";"2014-07-01 00:00:00.000000";"2022-12-01 18:16:37.580196";"변*연"
"14886436";"여";"1948-08-17";"";"15991914";"2014-07-16 00:00:00.000000";"2015-01-20 00:00:00.000000";"2022-12-01 18:16:37.580196";"박*쇠"
"14893775";"남";"1952-10-07";"";"15998742";"2011-01-07 00:00:00.000000";"2011-02-08 00:00:00.000000";"2022-12-01 18:16:37.580196";"김*성"
"14896262";"여";"1939-10-13";"";"16901114";"2012-10-25 00:00:00.000000";"2013-04-16 00:00:00.000000";"2022-12-01 18:16:37.580196";"염*순"
"14903386";"여";"1941-06-29";"";"16907173";"2015-11-18 00:00:00.000000";"2016-02-26 00:00:00.000000";"2022-12-01 18:16:37.580196";"한*자"
"14903759";"여";"1954-03-30";"";"16907441";"2021-01-14 00:00:00.000000";"2021-09-16 00:00:00.000000";"2022-12-01 18:16:37.580196";"박*희"
"14905933";"남";"1953-02-04";"";"16909586";"2015-08-07 00:00:00.000000";"2015-10-06 00:00:00.000000";"2022-12-01 18:16:37.580196";"장*근"
"14918458";"여";"1940-03-05";"";"16921689";"2010-11-12 00:00:00.000000";"2011-02-14 00:00:00.000000";"2022-12-01 18:16:37.580196";"김*순"
"14923809";"여";"1955-06-24";"";"16926975";"2016-11-16 00:00:00.000000";"2017-03-28 00:00:00.000000";"2022-12-01 18:16:37.580196";"곽*선"
"14929977";"여";"1949-03-08";"";"16932872";"2015-06-16 00:00:00.000000";"2015-07-13 00:00:00.000000";"2022-12-01 18:16:37.580196";"안*숙"
"14932649";"여";"1948-06-16";"";"16935509";"2018-08-27 00:00:00.000000";"2019-03-15 00:00:00.000000";"2022-12-01 18:16:37.580196";"현*채"
"14941573";"남";"1974-04-21";"";"16943989";"2011-05-12 00:00:00.000000";"2011-06-22 00:00:00.000000";"2022-12-01 18:16:37.580196";"이*형"
"14958261";"남";"1947-06-01";"";"16960042";"2015-02-10 00:00:00.000000";"2015-03-12 00:00:00.000000";"2022-12-01 18:16:37.580196";"유*주"
"14966471";"여";"1939-04-03";"";"16968377";"2019-11-17 00:00:00.000000";"2019-11-26 00:00:00.000000";"2022-12-01 18:16:37.580196";"정*자"
"14973880";"남";"1950-04-24";"";"16975569";"2016-08-09 00:00:00.000000";"2017-02-18 00:00:00.000000";"2022-12-01 18:16:37.580196";"강*구"
"14976322";"여";"1933-07-04";"";"16977954";"2013-05-25 00:00:00.000000";"2013-07-14 00:00:00.000000";"2022-12-01 18:16:37.580196";"김*동"
"14987795";"남";"1938-07-16";"";"16988928";"2018-04-03 00:00:00.000000";"2018-04-09 00:00:00.000000";"2022-12-01 18:16:37.580196";"이*승"
"14991617";"여";"1948-04-18";"";"16992691";"2013-05-06 00:00:00.000000";"2013-07-15 00:00:00.000000";"2022-12-01 18:16:37.580196";"선*순"
"14992867";"여";"1957-03-26";"";"16993878";"2015-11-25 00:00:00.000000";"2016-01-13 00:00:00.000000";"2022-12-01 18:16:37.580196";"이*영"
"14994159";"여";"1940-08-12";"";"16995099";"2014-09-23 00:00:00.000000";"2014-11-21 00:00:00.000000";"2022-12-01 18:16:37.580196";"채*자"
"15003948";"여";"1933-08-19";"";"17504276";"2012-03-09 00:00:00.000000";"2012-07-13 00:00:00.000000";"2022-12-01 18:16:37.580196";"신*례"
"15008657";"남";"1942-12-30";"";"17508758";"2012-11-23 00:00:00.000000";"2013-01-23 00:00:00.000000";"2022-12-01 18:16:37.580196";"홍*근"
"15009946";"남";"1938-02-25";"";"17509993";"2012-08-23 00:00:00.000000";"2012-10-31 00:00:00.000000";"2022-12-01 18:16:37.580196";"박*원"
"15019020";"남";"1930-02-03";"";"17518282";"2011-11-25 00:00:00.000000";"2012-01-30 00:00:00.000000";"2022-12-01 18:16:37.580196";"이*훈"
"15025157";"남";"1928-04-25";"";"17524468";"2014-11-09 00:00:00.000000";"2014-12-19 00:00:00.000000";"2022-12-01 18:16:37.580196";"한*경"
"15052205";"여";"1960-08-30";"";"17550275";"2017-05-15 00:00:00.000000";"2018-02-14 00:00:00.000000";"2022-12-01 18:16:37.580196";"이*숙"
"15053758";"여";"1952-09-17";"";"17551876";"2021-07-14 00:00:00.000000";"2021-09-06 00:00:00.000000";"2022-12-01 18:16:37.580196";"최*엽"
"15064866";"여";"1941-09-10";"";"17562445";"2010-10-14 00:00:00.000000";"2010-11-02 00:00:00.000000";"2022-12-01 18:16:37.580196";"엄*희"
"15067959";"여";"1938-01-28";"";"17565431";"2015-01-29 00:00:00.000000";"2016-02-05 00:00:00.000000";"2022-12-01 18:16:37.580196";"박*희"
"15094300";"남";"1957-03-25";"";"17590459";"2015-06-18 00:00:00.000000";"2016-02-26 00:00:00.000000";"2022-12-01 18:16:37.580196";"홍*표"
"15101361";"남";"1953-11-12";"";"17597299";"2016-05-18 00:00:00.000000";"2016-08-09 00:00:00.000000";"2022-12-01 18:16:37.580196";"이*운"
"15103499";"남";"1953-05-27";"";"17599356";"2016-04-12 00:00:00.000000";"2016-06-15 00:00:00.000000";"2022-12-01 18:16:37.580196";"송*길"
"15115997";"여";"1947-06-09";"";"17811158";"2014-02-14 00:00:00.000000";"2014-03-04 00:00:00.000000";"2022-12-01 18:16:37.580196";"장*숙"
"15130198";"남";"1941-01-27";"";"17824599";"2006-01-01 00:00:00.000000";"2011-04-18 00:00:00.000000";"2022-12-01 18:16:37.580196";"백*기"
"15136273";"여";"1948-06-07";"";"17830220";"2020-11-12 00:00:00.000000";"2021-02-15 00:00:00.000000";"2022-12-01 18:16:37.580196";"김*덕"
"15136350";"남";"1940-09-01";"";"17830301";"2016-02-16 00:00:00.000000";"2016-03-30 00:00:00.000000";"2022-12-01 18:16:37.580196";"김*용"
"15143132";"남";"1951-08-20";"";"17836553";"2021-05-24 00:00:00.000000";"2021-06-29 00:00:00.000000";"2022-12-01 18:16:37.580196";"유*근"
"15156664";"여";"1960-11-14";"";"17849719";"2011-07-20 00:00:00.000000";"2011-09-02 00:00:00.000000";"2022-12-01 18:16:37.580196";"문*자"
"15158925";"남";"1935-01-20";"";"17852212";"2013-10-01 00:00:00.000000";"2015-03-04 00:00:00.000000";"2022-12-01 18:16:37.580196";"조*완"
"15167138";"여";"1949-02-08";"";"17859844";"2018-05-30 00:00:00.000000";"2019-02-20 00:00:00.000000";"2022-12-01 18:16:37.580196";"박*순"
"15174028";"여";"1943-08-03";"";"17865876";"2011-08-04 00:00:00.000000";"2011-10-14 00:00:00.000000";"2022-12-01 18:16:37.580196";"김*자"
"15183596";"남";"1958-04-10";"";"17875079";"2020-04-03 00:00:00.000000";"2020-06-23 00:00:00.000000";"2022-12-01 18:16:37.580196";"김*열"
"15183868";"남";"1956-01-03";"";"17875379";"2012-05-30 00:00:00.000000";"2012-09-20 00:00:00.000000";"2022-12-01 18:16:37.580196";"한*우"
"15189695";"남";"1947-01-16";"";"17881213";"2016-02-19 00:00:00.000000";"2017-02-18 00:00:00.000000";"2022-12-01 18:16:37.580196";"김*빈"
"15194217";"남";"1942-02-05";"";"17885849";"2021-03-04 00:00:00.000000";"2021-03-22 00:00:00.000000";"2022-12-01 18:16:37.580196";"유*경"
"15195025";"남";"1931-06-13";"";"17886659";"2011-05-16 00:00:00.000000";"2011-08-22 00:00:00.000000";"2022-12-01 18:16:37.580196";"차*근"
"15206723";"여";"1939-09-04";"";"17897961";"2016-06-20 00:00:00.000000";"2017-02-17 00:00:00.000000";"2022-12-01 18:16:37.580196";"김*자"
"15216465";"여";"1936-04-15";"";"18307343";"2016-04-16 00:00:00.000000";"2017-02-18 00:00:00.000000";"2022-12-01 18:16:37.580196";"김*"
"15219820";"남";"1933-11-28";"";"18310436";"2010-03-04 00:00:00.000000";"2010-04-18 00:00:00.000000";"2022-12-01 18:16:37.580196";"조*선"
"15227434";"남";"1937-10-28";"";"18317960";"2013-03-04 00:00:00.000000";"2013-07-17 00:00:00.000000";"2022-12-01 18:16:37.580196";"이*주"
"15229207";"여";"1943-01-10";"";"18319668";"2018-04-22 00:00:00.000000";"2018-05-15 00:00:00.000000";"2022-12-01 18:16:37.580196";"최*숙"
"15231750";"여";"1953-04-30";"";"18322084";"2018-04-27 00:00:00.000000";"2018-08-14 00:00:00.000000";"2022-12-01 18:16:37.580196";"문*석"
"15247546";"남";"1953-02-27";"";"18337539";"2014-12-31 00:00:00.000000";"2015-04-17 00:00:00.000000";"2022-12-01 18:16:37.580196";"황*연"
"15252733";"남";"1947-06-12";"";"18342499";"2017-06-04 00:00:00.000000";"2017-07-20 00:00:00.000000";"2022-12-01 18:16:37.580196";"김*복"
"15256571";"여";"1945-11-23";"";"18346131";"2011-04-26 00:00:00.000000";"2011-06-07 00:00:00.000000";"2022-12-01 18:16:37.580196";"김*숙"
"15257822";"남";"1955-07-23";"";"18347397";"2020-07-29 00:00:00.000000";"2020-09-10 00:00:00.000000";"2022-12-01 18:16:37.580196";"정*태"
"15262684";"여";"1948-07-21";"";"18351822";"2014-12-11 00:00:00.000000";"2015-01-30 00:00:00.000000";"2022-12-01 18:16:37.580196";"이*선"
"15284886";"여";"1935-08-06";"";"18372383";"2018-07-02 00:00:00.000000";"2018-08-30 00:00:00.000000";"2022-12-01 18:16:37.580196";"조*연"
"15285005";"여";"1940-12-13";"";"18372506";"1997-01-01 00:00:00.000000";"2013-02-20 00:00:00.000000";"2022-12-01 18:16:37.580196";"김*애"
"15285548";"남";"1939-09-18";"";"18372948";"2013-04-01 00:00:00.000000";"2013-05-15 00:00:00.000000";"2022-12-01 18:16:37.580196";"이*희"
"15294371";"남";"1942-02-18";"";"18381064";"2019-11-19 00:00:00.000000";"2019-12-10 00:00:00.000000";"2022-12-01 18:16:37.580196";"김*균"
"15295831";"남";"1946-04-02";"";"18382685";"2016-01-13 00:00:00.000000";"2016-03-30 00:00:00.000000";"2022-12-01 18:16:37.580196";"홍*복"
"15307587";"여";"1959-03-10";"";"18394217";"2017-09-14 00:00:00.000000";"2018-02-08 00:00:00.000000";"2022-12-01 18:16:37.580196";"황*동"
"15325989";"남";"1931-02-02";"";"18511963";"1989-05-06 00:00:00.000000";"2014-10-02 00:00:00.000000";"2022-12-01 18:16:37.580196";"최*철"
"15326083";"남";"1954-08-01";"";"18512083";"2019-03-08 00:00:00.000000";"2019-10-28 00:00:00.000000";"2022-12-01 18:16:37.580196";"한*윤"
"15349062";"남";"1940-08-21";"";"18534706";"2010-11-23 00:00:00.000000";"2011-03-11 00:00:00.000000";"2022-12-01 18:16:37.580196";"김*무"
"15364559";"남";"1940-08-30";"";"18549539";"2010-07-13 00:00:00.000000";"2010-11-12 00:00:00.000000";"2022-12-01 18:16:37.580196";"함*도"
"15371083";"남";"1956-12-10";"";"18555627";"2017-08-01 00:00:00.000000";"2019-03-15 00:00:00.000000";"2022-12-01 18:16:37.580196";"장*영"
"15382735";"여";"1945-02-17";"";"18566692";"2016-01-28 00:00:00.000000";"2017-02-04 00:00:00.000000";"2022-12-01 18:16:37.580196";"손*희"
"15393247";"여";"1934-02-11";"";"18576773";"2013-08-23 00:00:00.000000";"2013-10-18 00:00:00.000000";"2022-12-01 18:16:37.580196";"유*례"
"15393805";"여";"1943-03-04";"";"18577289";"2021-04-01 00:00:00.000000";"2021-04-28 00:00:00.000000";"2022-12-01 18:16:37.580196";"오*자"
"15394846";"남";"1960-04-10";"";"18578192";"2015-08-25 00:00:00.000000";"2016-01-15 00:00:00.000000";"2022-12-01 18:16:37.580196";"송*재"
"15394916";"남";"1942-01-15";"";"18578277";"2012-09-21 00:00:00.000000";"2013-02-05 00:00:00.000000";"2022-12-01 18:16:37.580196";"백*현"
"15410065";"여";"1949-06-30";"";"18593180";"2015-08-29 00:00:00.000000";"2015-11-13 00:00:00.000000";"2022-12-01 18:16:37.580196";"조*희"
"15451491";"여";"1952-04-14";"";"18831752";"2021-07-02 00:00:00.000000";"2021-09-15 00:00:00.000000";"2022-12-01 18:16:37.580196";"이*우"
"15459820";"여";"1933-09-15";"";"18839580";"2013-12-24 00:00:00.000000";"2014-03-12 00:00:00.000000";"2022-12-01 18:16:37.580196";"최*춘"
"15480684";"남";"1942-10-08";"";"18859808";"2011-06-30 00:00:00.000000";"2011-08-05 00:00:00.000000";"2022-12-01 18:16:37.580196";"남*달"
"15491095";"여";"1941-01-23";"";"18869967";"2015-03-30 00:00:00.000000";"2015-06-12 00:00:00.000000";"2022-12-01 18:16:37.580196";"박*자"
"15544672";"여";"1930-07-07";"";"20121001";"2009-10-29 00:00:00.000000";"2013-02-20 00:00:00.000000";"2022-12-01 18:16:37.580196";"임*예"
"15555672";"여";"1941-06-06";"";"20131711";"2011-12-15 00:00:00.000000";"2012-03-15 00:00:00.000000";"2022-12-01 18:16:37.580196";"박*자"
"15559287";"남";"1941-10-07";"";"20135159";"2011-07-30 00:00:00.000000";"2012-02-15 00:00:00.000000";"2022-12-01 18:16:37.580196";"정*섭"
"15559605";"여";"1936-08-09";"";"20135445";"2011-06-08 00:00:00.000000";"2011-08-09 00:00:00.000000";"2022-12-01 18:16:37.580196";"송*종"
"15566069";"여";"1955-11-18";"";"20141497";"2017-10-20 00:00:00.000000";"2018-06-18 00:00:00.000000";"2022-12-01 18:16:37.580196";"시*자"
"15578358";"여";"1948-10-06";"";"20153210";"2008-12-19 00:00:00.000000";"2013-01-29 00:00:00.000000";"2022-12-01 18:16:37.580196";"최*월"
"15601412";"남";"1946-07-10";"";"20175345";"2011-04-25 00:00:00.000000";"2011-07-13 00:00:00.000000";"2022-12-01 18:16:37.580196";"이*태"
"15602408";"남";"1947-03-27";"";"20176401";"2010-01-01 00:00:00.000000";"2017-04-26 00:00:00.000000";"2022-12-01 18:16:37.580196";"박*하"
"15602840";"여";"1939-11-19";"";"20176760";"2018-12-11 00:00:00.000000";"2019-10-31 00:00:00.000000";"2022-12-01 18:16:37.580196";"이*덕"
"15629542";"남";"1932-12-10";"";"20202250";"2014-05-24 00:00:00.000000";"2015-02-04 00:00:00.000000";"2022-12-01 18:16:37.580196";"이*용"
"15636999";"여";"1936-01-05";"";"20209118";"2008-12-24 00:00:00.000000";"2013-02-20 00:00:00.000000";"2022-12-01 18:16:37.580196";"조*이"
"15641434";"남";"1962-07-12";"";"20213375";"2018-01-08 00:00:00.000000";"2018-02-20 00:00:00.000000";"2022-12-01 18:16:37.580196";"정*영"
"15646756";"남";"1951-10-23";"";"20217901";"2013-05-09 00:00:00.000000";"2013-07-15 00:00:00.000000";"2022-12-01 18:16:37.580196";"윤*일"
"15692230";"여";"1958-01-07";"";"20262841";"2014-09-25 00:00:00.000000";"2015-03-01 00:00:00.000000";"2022-12-01 18:16:37.580196";"이*화"
"15705600";"남";"1953-04-27";"";"20275581";"2019-05-30 00:00:00.000000";"2019-07-30 00:00:00.000000";"2022-12-01 18:16:37.580196";"최*도"
"15707505";"남";"1943-01-28";"";"20277274";"2011-06-14 00:00:00.000000";"2011-07-13 00:00:00.000000";"2022-12-01 18:16:37.580196";"이*경"
"15714091";"남";"1951-03-29";"";"20283721";"2019-07-16 00:00:00.000000";"2020-02-05 00:00:00.000000";"2022-12-01 18:16:37.580196";"김*화"
"15719003";"남";"1946-05-16";"";"20288181";"2016-11-04 00:00:00.000000";"2017-01-12 00:00:00.000000";"2022-12-01 18:16:37.580196";"김*수"
"15734862";"남";"1940-09-15";"";"20403193";"2015-05-06 00:00:00.000000";"2018-02-01 00:00:00.000000";"2022-12-01 18:16:37.580196";"박*빈"
"15737823";"여";"1945-02-18";"";"20405833";"2021-02-26 00:00:00.000000";"2021-04-30 00:00:00.000000";"2022-12-01 18:16:37.580196";"정*옥"
"15746353";"여";"1950-04-15";"";"20414618";"2011-03-29 00:00:00.000000";"2011-05-13 00:00:00.000000";"2022-12-01 18:16:37.580196";"김*숙"
"15784502";"남";"1942-07-15";"";"20450322";"2012-02-14 00:00:00.000000";"2012-05-18 00:00:00.000000";"2022-12-01 18:16:37.580196";"김*현"
"15786483";"남";"1951-02-28";"";"20452282";"2018-02-09 00:00:00.000000";"2018-04-26 00:00:00.000000";"2022-12-01 18:16:37.580196";"김*화"
